{
  "run_id": "n200_t0p60_k5",
  "timestamp_utc": "2026-04-22T02:40:28+00:00",
  "num_rows": 200,
  "threshold": 0.6,
  "k": 5,
  "model": "gpt-4o-mini",
  "judge_model": "gpt-4o-mini",
  "num_queries": 200,
  "latency_ms": 1732.4790165011655,
  "retrieval_time_ms": 594.024419998168,
  "gen_time_ms": 1138.4519905009074,
  "context_precision": 0.12105263157894737,
  "context_recall": 0.09736842105263158,
  "faithfulness": 0.137,
  "answer_relevancy": 0.14550000000000002,
  "hit_at_k": 0.12105263157894737,
  "recall_at_k": 0.09736842105263158,
  "mrr": 0.12105263157894737
}