{
  "run_id": "n200_t0p45_k5",
  "timestamp_utc": "2026-04-22T02:12:00+00:00",
  "num_rows": 200,
  "threshold": 0.45,
  "k": 5,
  "model": "gpt-4o-mini",
  "judge_model": "gpt-4o-mini",
  "num_queries": 200,
  "latency_ms": 1702.1235550017445,
  "retrieval_time_ms": 537.7813810037333,
  "gen_time_ms": 1164.3397924982128,
  "context_precision": 0.3078947368421053,
  "context_recall": 0.2578947368421053,
  "faithfulness": 0.34,
  "answer_relevancy": 0.35075,
  "hit_at_k": 0.3105263157894737,
  "recall_at_k": 0.2578947368421053,
  "mrr": 0.3105263157894737
}