{
  "run_id": "n150_t0p50_k5",
  "timestamp_utc": "2026-04-22T01:49:24+00:00",
  "num_rows": 150,
  "threshold": 0.5,
  "k": 5,
  "model": "gpt-4o-mini",
  "judge_model": "gpt-4o-mini",
  "num_queries": 150,
  "latency_ms": 1671.1131633325324,
  "retrieval_time_ms": 504.5612406684086,
  "gen_time_ms": 1166.549538000642,
  "context_precision": 0.1888111888111888,
  "context_recall": 0.16783216783216784,
  "faithfulness": 0.21333333333333335,
  "answer_relevancy": 0.22233333333333336,
  "hit_at_k": 0.1888111888111888,
  "recall_at_k": 0.16783216783216784,
  "mrr": 0.1888111888111888
}