{
  "run_id": "n100_t0p55_k5",
  "timestamp_utc": "2026-04-22T01:30:19+00:00",
  "num_rows": 100,
  "threshold": 0.55,
  "k": 5,
  "model": "gpt-4o-mini",
  "judge_model": "gpt-4o-mini",
  "num_queries": 100,
  "latency_ms": 1838.3191310043912,
  "retrieval_time_ms": 525.6789520004531,
  "gen_time_ms": 1312.6376890030224,
  "context_precision": 0.16842105263157894,
  "context_recall": 0.13157894736842105,
  "faithfulness": 0.183,
  "answer_relevancy": 0.18600000000000003,
  "hit_at_k": 0.16842105263157894,
  "recall_at_k": 0.13157894736842105,
  "mrr": 0.16842105263157894
}