{
  "run_id": "n200_t0p55_k5",
  "timestamp_utc": "2026-04-22T02:31:05+00:00",
  "num_rows": 200,
  "threshold": 0.55,
  "k": 5,
  "model": "gpt-4o-mini",
  "judge_model": "gpt-4o-mini",
  "num_queries": 200,
  "latency_ms": 1805.3023209993262,
  "retrieval_time_ms": 480.519452499866,
  "gen_time_ms": 1145.3460605003056,
  "context_precision": 0.13227513227513227,
  "context_recall": 0.10846560846560846,
  "faithfulness": 0.1492462311557789,
  "answer_relevancy": 0.1613065326633166,
  "hit_at_k": 0.13227513227513227,
  "recall_at_k": 0.10846560846560846,
  "mrr": 0.13227513227513227
}