{
  "run_id": "n150_t0p45_k5",
  "timestamp_utc": "2026-04-22T01:42:31+00:00",
  "num_rows": 150,
  "threshold": 0.45,
  "k": 5,
  "model": "gpt-4o-mini",
  "judge_model": "gpt-4o-mini",
  "num_queries": 150,
  "latency_ms": 1761.573182666907,
  "retrieval_time_ms": 543.1180759961717,
  "gen_time_ms": 1218.4525713343949,
  "context_precision": 0.3146853146853147,
  "context_recall": 0.2762237762237762,
  "faithfulness": 0.34800000000000003,
  "answer_relevancy": 0.3476666666666667,
  "hit_at_k": 0.3146853146853147,
  "recall_at_k": 0.2762237762237762,
  "mrr": 0.3146853146853147
}